{"metadata":{"asset_id":"fa9408af-cb57-44a3-98e5-108d7389b7bd","asset_attributes":["notebook"],"name":"Auto Insurance Relational Data Asset","asset_type":"notebook","created_at":"2022-12-02T20:21:39Z","description":"","origin_country":"us","owner_id":"IBMid-310000QWJ1","project_id":"cae92f58-1517-4114-960c-dc2eb64a02f8","size":18646,"tags":["notebook"],"usage":{"last_update_time":1673280597526,"last_updated_at":"2023-01-09T16:09:57Z"}},"entity":{"notebook":{"kernel":{"name":"python3","display_name":"Python 3.9","language":"python"},"originates_from":{"type":"blank"},"runtime":{"environment":"conda2rt221-cae92f58-1517-4114-960c-dc2eb64a02f8"}},"location_definition":{"physical_location_code":"DAL","physical_location_code_assigned_by":"IBMid-310000QWJ1","physical_location_code_rds_id":"c57cb90f-2126-3800-9c9f-9eab82021cdf","physical_location_code_rds_version":"00002022-0516-4143-8504-921380000000_2","physical_location_code_assignment_method":"INFERRED","physical_location_code_added_on":"1670012362564"}},"attachments":[{"id":"ca314270-9203-4196-84ca-e7dd89fffbf3","version":2,"asset_type":"notebook","name":"attachment for notebook fa9408af-cb57-44a3-98e5-108d7389b7bd","description":"attachment for notebook fa9408af-cb57-44a3-98e5-108d7389b7bd","mime":"application/json","datasource_type":"193a97c1-4475-4a19-b90c-295c4fdc6517","object_key":"notebook/create_data_frames_fXoHgkLIM.ipynb","creator_id":"IBMid-310000QWJ1","create_time":1670012500922,"size":18646,"is_remote":false,"is_managed":false,"is_referenced":true,"is_object_key_read_only":false,"is_user_provided_path_key":true,"transfer_complete":true,"is_partitioned":false,"complete_time_ticks":1670012500922,"user_data":{},"test_doc":0,"handle":{"bucket":"autoinsurancerelationaldataasset-donotdelete-pr-ciyedg6tvptzqy","location":"us-geo","type":"bluemix_cos","key":"notebook/create_data_frames_fXoHgkLIM.ipynb","upload_id":"done","max_part_num":1},"usage":{"access_count":9,"last_accessor_id":"IBMid-310000QWJ1","last_access_time":1673280595141,"last_updater_id":"IBMid-310000QWJ1","last_update_time":1673280595141}}]}
